CustomerID,Recency,Frequency,Monetary,R_Score,F_Score,M_Score,RFM_Score,Segment
CUST00001,140,7,19996.73,2,3,4,9,At Risk
CUST00002,21,59,130510.62,4,4,4,12,Champions
CUST00003,157,4,11010.630000000001,2,2,3,7,Needs Attention
CUST00004,87,9,21776.46,3,4,4,11,Loyal Customers
CUST00005,161,40,72302.61,2,4,4,10,At Risk
CUST00006,3,21,44756.22,4,4,4,12,Champions
CUST00007,533,1,5722.45,1,1,2,4,Hibernating
CUST00008,71,4,16916.4,3,2,3,8,Potential Loyalist
CUST00009,179,3,6290.47,2,2,2,6,Hibernating
CUST00010,196,1,880.6,2,1,1,4,Hibernating
CUST00011,169,5,13782.28,2,3,3,8,At Risk
CUST00012,204,10,36319.21,2,4,4,10,At Risk
CUST00013,94,14,22874.21,3,4,4,11,Loyal Customers
CUST00014,505,1,3556.99,1,1,1,3,Hibernating
CUST00015,39,17,28612.79,4,4,4,12,Champions
CUST00016,42,6,12294.140000000001,4,3,3,10,Loyal Customers
CUST00017,1,5,12741.990000000002,4,3,3,10,Loyal Customers
CUST00018,83,13,23643.83,3,4,4,11,Loyal Customers
CUST00019,28,10,16353.970000000001,4,4,3,11,Champions
CUST00021,43,9,14587.99,4,4,3,11,Champions
CUST00022,38,4,9632.16,4,2,3,9,Potential Loyalist
CUST00023,196,1,113.75,2,1,1,4,Hibernating
CUST00024,152,10,15448.43,2,4,3,9,At Risk
CUST00025,186,4,5619.35,2,2,2,6,Hibernating
CUST00026,5,9,20921.030000000002,4,4,4,12,Champions
CUST00027,504,1,4263.72,1,1,1,3,Hibernating
CUST00028,57,14,26850.59,3,4,4,11,Loyal Customers
CUST00029,155,4,6455.54,2,2,2,6,Hibernating
CUST00030,68,40,76216.48,3,4,4,11,Loyal Customers
CUST00031,5,16,35485.38,4,4,4,12,Champions
CUST00032,70,1,1097.51,3,1,1,5,Potential Loyalist
CUST00033,39,5,10943.95,4,3,3,10,Loyal Customers
CUST00034,5,47,107320.52,4,4,4,12,Champions
CUST00035,32,7,7570.9,4,3,2,9,Loyal Customers
CUST00036,34,2,3280.1800000000003,4,1,1,6,Potential Loyalist
CUST00037,156,3,6704.32,2,2,2,6,Hibernating
CUST00038,18,6,13762.05,4,3,3,10,Loyal Customers
CUST00039,117,6,8599.05,3,3,2,8,Loyal Customers
CUST00040,32,10,19734.12,4,4,4,12,Champions
CUST00041,110,4,10215.37,3,2,3,8,Potential Loyalist
CUST00042,57,3,9350.25,3,2,3,8,Potential Loyalist
CUST00043,137,2,7449.97,2,1,2,5,Hibernating
CUST00044,8,6,21061.149999999998,4,3,4,11,Loyal Customers
CUST00046,83,21,37197.74,3,4,4,11,Loyal Customers
CUST00047,46,9,19564.32,3,4,4,11,Loyal Customers
CUST00048,137,16,42437.24,2,4,4,10,At Risk
CUST00049,149,9,12672.83,2,4,3,9,At Risk
CUST00050,1,5,5193.2,4,3,2,9,Loyal Customers
CUST00051,177,12,41938.39,2,4,4,10,At Risk
CUST00052,103,5,7366.900000000001,3,3,2,8,Loyal Customers
CUST00053,158,6,12344.74,2,3,3,8,At Risk
CUST00054,190,2,6230.92,2,1,2,5,Hibernating
CUST00055,411,3,8839.779999999999,1,2,2,5,Hibernating
CUST00056,97,6,12714.67,3,3,3,9,Loyal Customers
CUST00057,100,1,963.08,3,1,1,5,Potential Loyalist
CUST00058,209,4,8041.92,2,2,2,6,Hibernating
CUST00059,564,2,3288.42,1,1,1,3,Hibernating
CUST00060,167,5,8320.82,2,3,2,7,At Risk
CUST00061,115,5,6553.799999999999,3,3,2,8,Loyal Customers
CUST00062,149,2,1981.35,2,1,1,4,Hibernating
CUST00063,30,6,12152.53,4,3,3,10,Loyal Customers
CUST00064,263,3,2591.4,1,2,1,4,Hibernating
CUST00065,412,1,5643.15,1,1,2,4,Hibernating
CUST00066,152,8,33273.83,2,3,4,9,At Risk
CUST00067,9,5,11768.86,4,3,3,10,Loyal Customers
CUST00068,82,13,18369.33,3,4,4,11,Loyal Customers
CUST00069,436,5,15114.77,1,3,3,7,At Risk
CUST00070,39,4,11555.15,4,2,3,9,Potential Loyalist
CUST00071,25,36,75999.14,4,4,4,12,Champions
CUST00072,503,3,4860.77,1,2,2,5,Hibernating
CUST00073,152,3,2276.29,2,2,1,5,Hibernating
CUST00074,63,8,25119.92,3,3,4,10,Loyal Customers
CUST00075,150,1,426.21,2,1,1,4,Hibernating
CUST00076,245,16,33474.81,1,4,4,9,At Risk
CUST00077,434,4,9337.43,1,2,3,6,Needs Attention
CUST00078,63,22,41287.93,3,4,4,11,Loyal Customers
CUST00079,102,6,12759.77,3,3,3,9,Loyal Customers
CUST00080,50,7,13181.779999999999,3,3,3,9,Loyal Customers
CUST00081,123,19,33600.75,3,4,4,11,Loyal Customers
CUST00082,251,3,6975.53,1,2,2,5,Hibernating
CUST00083,45,33,71511.11,4,4,4,12,Champions
CUST00084,139,7,13147.98,2,3,3,8,At Risk
CUST00085,149,3,1818.76,2,2,1,5,Hibernating
CUST00086,46,2,2824.89,3,1,1,5,Potential Loyalist
CUST00087,185,6,16103.65,2,3,3,8,At Risk
CUST00088,139,3,6737.84,2,2,2,6,Hibernating
CUST00089,122,7,10016.47,3,3,3,9,Loyal Customers
CUST00090,143,9,21220.56,2,4,4,10,At Risk
CUST00091,67,22,51501.96,3,4,4,11,Loyal Customers
CUST00092,27,1,1217.52,4,1,1,6,Potential Loyalist
CUST00093,333,2,7532.75,1,1,2,4,Hibernating
CUST00094,63,3,4386.79,3,2,2,7,Potential Loyalist
CUST00095,226,2,2278.16,2,1,1,4,Hibernating
CUST00096,310,2,1743.3600000000001,1,1,1,3,Hibernating
CUST00097,24,2,3273.69,4,1,1,6,Potential Loyalist
CUST00098,35,8,21015.83,4,3,4,11,Loyal Customers
CUST00099,170,5,11543.39,2,3,3,8,At Risk
CUST00100,391,5,19784.61,1,3,4,8,At Risk
CUST00101,78,3,15142.61,3,2,3,8,Potential Loyalist
CUST00103,312,1,2502.34,1,1,1,3,Hibernating
CUST00104,10,29,75329.13,4,4,4,12,Champions
CUST00106,354,2,3159.79,1,1,1,3,Hibernating
CUST00107,349,1,936.74,1,1,1,3,Hibernating
CUST00108,2,18,31683.18,4,4,4,12,Champions
CUST00109,5,29,71723.01,4,4,4,12,Champions
CUST00110,119,6,15046.66,3,3,3,9,Loyal Customers
CUST00111,255,8,20097.57,1,3,4,8,At Risk
CUST00112,229,3,4772.9,2,2,2,6,Hibernating
CUST00114,24,39,60995.020000000004,4,4,4,12,Champions
CUST00115,206,14,19629.83,2,4,4,10,At Risk
CUST00116,25,8,13469.18,4,3,3,10,Loyal Customers
CUST00117,109,7,18150.25,3,3,4,10,Loyal Customers
CUST00118,35,8,15834.7,4,3,3,10,Loyal Customers
CUST00119,337,7,23450.96,1,3,4,8,At Risk
CUST00120,1,41,78595.15,4,4,4,12,Champions
CUST00121,32,19,42319.520000000004,4,4,4,12,Champions
CUST00122,74,3,4780.85,3,2,2,7,Potential Loyalist
CUST00123,140,5,5889.79,2,3,2,7,At Risk
CUST00124,72,3,5429.86,3,2,2,7,Potential Loyalist
CUST00125,207,11,18776.13,2,4,4,10,At Risk
CUST00126,391,1,2943.16,1,1,1,3,Hibernating
CUST00127,59,5,28137.53,3,3,4,10,Loyal Customers
CUST00128,2,264,603112.16,4,4,4,12,Champions
CUST00129,265,7,12072.720000000001,1,3,3,7,At Risk
CUST00130,200,6,10181.41,2,3,3,8,At Risk
CUST00131,478,6,15718.0,1,3,3,7,At Risk
CUST00132,102,2,5228.91,3,1,2,6,Potential Loyalist
CUST00133,82,7,14712.59,3,3,3,9,Loyal Customers
CUST00134,34,1,3522.79,4,1,1,6,Potential Loyalist
CUST00135,92,3,7397.12,3,2,2,7,Potential Loyalist
CUST00136,422,6,10515.74,1,3,3,7,At Risk
CUST00137,97,8,18779.62,3,3,4,10,Loyal Customers
CUST00138,341,7,15125.15,1,3,3,7,At Risk
CUST00139,122,5,6756.5,3,3,2,8,Loyal Customers
CUST00140,148,3,2508.66,2,2,1,5,Hibernating
CUST00141,199,4,9095.0,2,2,3,7,Needs Attention
CUST00142,44,4,7887.48,4,2,2,8,Potential Loyalist
CUST00143,286,10,14912.02,1,4,3,8,At Risk
CUST00144,62,3,2775.31,3,2,1,6,Potential Loyalist
CUST00145,315,5,12630.0,1,3,3,7,At Risk
CUST00146,76,3,3356.28,3,2,1,6,Potential Loyalist
CUST00147,52,16,24241.71,3,4,4,11,Loyal Customers
CUST00148,22,3,8334.599999999999,4,2,2,8,Potential Loyalist
CUST00149,179,5,15166.64,2,3,3,8,At Risk
CUST00150,397,5,7777.56,1,3,2,6,At Risk
CUST00151,2,9,15739.8,4,4,3,11,Champions
CUST00152,23,8,11719.71,4,3,3,10,Loyal Customers
CUST00153,60,3,5679.22,3,2,2,7,Potential Loyalist
CUST00154,76,5,6272.18,3,3,2,8,Loyal Customers
CUST00155,22,5,8709.400000000001,4,3,2,9,Loyal Customers
CUST00156,452,3,5459.99,1,2,2,5,Hibernating
CUST00157,93,3,4296.82,3,2,1,6,Potential Loyalist
CUST00158,82,11,16540.08,3,4,3,10,Loyal Customers
CUST00159,190,2,3152.9,2,1,1,4,Hibernating
CUST00160,270,4,7290.450000000001,1,2,2,5,Hibernating
CUST00161,1,58,125097.63,4,4,4,12,Champions
CUST00163,291,1,1088.33,1,1,1,3,Hibernating
CUST00164,126,1,742.04,3,1,1,5,Potential Loyalist
CUST00165,12,25,51473.53,4,4,4,12,Champions
CUST00166,345,3,9592.02,1,2,3,6,Needs Attention
CUST00167,450,2,3122.93,1,1,1,3,Hibernating
CUST00168,96,2,6666.06,3,1,2,6,Potential Loyalist
CUST00169,293,1,202.83,1,1,1,3,Hibernating
CUST00170,439,1,1138.24,1,1,1,3,Hibernating
CUST00171,18,2,2014.33,4,1,1,6,Potential Loyalist
CUST00172,8,4,10395.09,4,2,3,9,Potential Loyalist
CUST00173,373,3,11939.19,1,2,3,6,Needs Attention
CUST00174,138,5,6454.0,2,3,2,7,At Risk
CUST00175,106,3,6712.82,3,2,2,7,Potential Loyalist
CUST00176,33,3,10885.65,4,2,3,9,Potential Loyalist
CUST00177,23,6,17002.91,4,3,3,10,Loyal Customers
CUST00178,27,3,6795.3099999999995,4,2,2,8,Potential Loyalist
CUST00179,19,2,4617.75,4,1,2,7,Potential Loyalist
CUST00180,246,1,1774.75,1,1,1,3,Hibernating
CUST00181,134,3,7225.38,2,2,2,6,Hibernating
CUST00182,25,10,23147.9,4,4,4,12,Champions
CUST00183,15,7,10691.279999999999,4,3,3,10,Loyal Customers
CUST00184,44,10,23155.23,4,4,4,12,Champions
CUST00185,25,6,18671.55,4,3,4,11,Loyal Customers
CUST00186,12,17,26473.84,4,4,4,12,Champions
CUST00188,458,1,2089.97,1,1,1,3,Hibernating
CUST00189,18,4,8711.74,4,2,2,8,Potential Loyalist
CUST00190,24,2,3045.27,4,1,1,6,Potential Loyalist
CUST00191,13,34,76249.54,4,4,4,12,Champions
CUST00192,214,5,11280.28,2,3,3,8,At Risk
CUST00193,165,1,677.14,2,1,1,4,Hibernating
CUST00194,356,5,10280.27,1,3,3,7,At Risk
CUST00195,43,33,61790.42,4,4,4,12,Champions
CUST00196,120,11,17666.2,3,4,3,10,Loyal Customers
CUST00197,23,3,8171.82,4,2,2,8,Potential Loyalist
CUST00198,56,12,32331.46,3,4,4,11,Loyal Customers
CUST00199,3,59,115932.81999999999,4,4,4,12,Champions
CUST00200,70,5,13806.24,3,3,3,9,Loyal Customers
CUST00201,400,4,4926.01,1,2,2,5,Hibernating
CUST00202,2,5,14981.22,4,3,3,10,Loyal Customers
CUST00203,287,8,21357.02,1,3,4,8,At Risk
CUST00204,687,1,1462.47,1,1,1,3,Hibernating
CUST00205,21,7,14610.01,4,3,3,10,Loyal Customers
CUST00206,394,4,5464.42,1,2,2,5,Hibernating
CUST00207,158,1,1669.41,2,1,1,4,Hibernating
CUST00208,262,4,8533.24,1,2,2,5,Hibernating
CUST00209,6,1,2336.35,4,1,1,6,Potential Loyalist
CUST00210,62,40,91330.62,3,4,4,11,Loyal Customers
CUST00211,1,14,36053.55,4,4,4,12,Champions
CUST00212,8,16,28229.14,4,4,4,12,Champions
CUST00213,156,7,13576.24,2,3,3,8,At Risk
CUST00214,11,4,4001.3700000000003,4,2,1,7,Potential Loyalist
CUST00215,17,4,4897.5599999999995,4,2,2,8,Potential Loyalist
CUST00216,238,2,1928.6599999999999,2,1,1,4,Hibernating
CUST00217,88,6,4618.67,3,3,2,8,Loyal Customers
CUST00218,250,1,2569.68,1,1,1,3,Hibernating
CUST00219,264,1,2099.92,1,1,1,3,Hibernating
CUST00220,427,3,8592.93,1,2,2,5,Hibernating
CUST00221,2,89,184690.66,4,4,4,12,Champions
CUST00222,111,13,28847.31,3,4,4,11,Loyal Customers
CUST00223,362,3,6860.54,1,2,2,5,Hibernating
CUST00224,304,3,4274.54,1,2,1,4,Hibernating
CUST00225,18,14,16992.79,4,4,3,11,Champions
CUST00226,421,2,2969.3300000000004,1,1,1,3,Hibernating
CUST00227,144,8,18234.06,2,3,4,9,At Risk
CUST00228,147,16,40775.57,2,4,4,10,At Risk
CUST00229,19,2,3722.56,4,1,1,6,Potential Loyalist
CUST00230,87,5,9930.09,3,3,3,9,Loyal Customers
CUST00231,224,3,11634.029999999999,2,2,3,7,Needs Attention
CUST00232,244,5,9768.86,1,3,3,7,At Risk
CUST00233,335,1,2318.24,1,1,1,3,Hibernating
CUST00234,46,18,48145.71,3,4,4,11,Loyal Customers
CUST00235,162,2,10840.400000000001,2,1,3,6,Needs Attention
CUST00236,57,1,5191.71,3,1,2,6,Potential Loyalist
CUST00237,97,14,16151.89,3,4,3,10,Loyal Customers
CUST00238,225,3,5895.02,2,2,2,6,Hibernating
CUST00240,131,3,2620.92,2,2,1,5,Hibernating
CUST00241,538,1,2232.22,1,1,1,3,Hibernating
CUST00242,84,3,7872.18,3,2,2,7,Potential Loyalist
CUST00243,64,2,6249.94,3,1,2,6,Potential Loyalist
CUST00244,68,3,2956.5699999999997,3,2,1,6,Potential Loyalist
CUST00245,1,36,73232.48,4,4,4,12,Champions
CUST00246,88,1,320.48,3,1,1,5,Potential Loyalist
CUST00247,52,17,29753.47,3,4,4,11,Loyal Customers
CUST00248,116,50,80405.35,3,4,4,11,Loyal Customers
CUST00249,184,3,20504.72,2,2,4,8,Needs Attention
CUST00250,117,12,18919.82,3,4,4,11,Loyal Customers
CUST00251,48,5,9421.09,3,3,3,9,Loyal Customers
CUST00252,94,16,24845.34,3,4,4,11,Loyal Customers
CUST00253,238,4,7225.19,2,2,2,6,Hibernating
CUST00254,153,4,6913.22,2,2,2,6,Hibernating
CUST00255,68,5,7950.469999999999,3,3,2,8,Loyal Customers
CUST00256,6,13,34993.06,4,4,4,12,Champions
CUST00257,185,6,13389.3,2,3,3,8,At Risk
CUST00258,264,4,5812.95,1,2,2,5,Hibernating
CUST00259,128,12,21449.6,3,4,4,11,Loyal Customers
CUST00260,58,2,4517.35,3,1,2,6,Potential Loyalist
CUST00261,238,1,1944.11,2,1,1,4,Hibernating
CUST00262,191,1,323.51,2,1,1,4,Hibernating
CUST00263,381,2,6373.29,1,1,2,4,Hibernating
CUST00264,213,3,8447.0,2,2,2,6,Hibernating
CUST00265,203,14,22572.61,2,4,4,10,At Risk
CUST00266,352,2,3624.26,1,1,1,3,Hibernating
CUST00267,26,5,11314.59,4,3,3,10,Loyal Customers
CUST00268,240,4,7406.25,2,2,2,6,Hibernating
CUST00269,170,9,15086.7,2,4,3,9,At Risk
CUST00270,30,34,67793.9,4,4,4,12,Champions
CUST00271,539,1,3901.2,1,1,1,3,Hibernating
CUST00272,104,11,24315.850000000002,3,4,4,11,Loyal Customers
CUST00274,21,7,17710.15,4,3,3,10,Loyal Customers
CUST00275,18,2,5226.099999999999,4,1,2,7,Potential Loyalist
CUST00276,51,17,34932.84,3,4,4,11,Loyal Customers
CUST00278,74,9,11303.380000000001,3,4,3,10,Loyal Customers
CUST00279,97,9,18201.36,3,4,4,11,Loyal Customers
CUST00280,328,4,6874.66,1,2,2,5,Hibernating
CUST00282,148,3,6074.49,2,2,2,6,Hibernating
CUST00284,95,6,11571.64,3,3,3,9,Loyal Customers
CUST00285,205,2,3701.2,2,1,1,4,Hibernating
CUST00286,347,4,8180.71,1,2,2,5,Hibernating
CUST00287,386,2,1060.46,1,1,1,3,Hibernating
CUST00288,179,21,29659.27,2,4,4,10,At Risk
CUST00289,522,1,1027.12,1,1,1,3,Hibernating
CUST00290,32,2,6938.08,4,1,2,7,Potential Loyalist
CUST00291,35,3,8337.41,4,2,2,8,Potential Loyalist
CUST00292,116,4,3793.8599999999997,3,2,1,6,Potential Loyalist
CUST00293,186,7,15862.95,2,3,3,8,At Risk
CUST00294,272,5,9933.4,1,3,3,7,At Risk
CUST00295,145,5,8206.36,2,3,2,7,At Risk
CUST00296,319,2,2193.15,1,1,1,3,Hibernating
CUST00297,199,6,8072.860000000001,2,3,2,7,At Risk
CUST00298,297,3,9761.32,1,2,3,6,Needs Attention
CUST00299,87,11,20298.76,3,4,4,11,Loyal Customers
CUST00300,9,27,54079.2,4,4,4,12,Champions
CUST00301,174,2,6075.45,2,1,2,5,Hibernating
CUST00302,5,8,19029.87,4,3,4,11,Loyal Customers
CUST00303,191,4,5514.96,2,2,2,6,Hibernating
CUST00304,179,3,6015.78,2,2,2,6,Hibernating
CUST00305,105,1,1562.55,3,1,1,5,Potential Loyalist
CUST00306,566,2,15674.08,1,1,3,5,Needs Attention
CUST00307,9,7,17105.239999999998,4,3,3,10,Loyal Customers
CUST00308,105,59,133241.4,3,4,4,11,Loyal Customers
CUST00309,265,9,15628.4,1,4,3,8,At Risk
CUST00310,168,4,6458.58,2,2,2,6,Hibernating
CUST00311,41,5,7798.57,4,3,2,9,Loyal Customers
CUST00312,215,5,13934.310000000001,2,3,3,8,At Risk
CUST00314,146,2,2790.0299999999997,2,1,1,4,Hibernating
CUST00315,280,10,24285.32,1,4,4,9,At Risk
CUST00316,162,5,11081.49,2,3,3,8,At Risk
CUST00317,23,13,18396.12,4,4,4,12,Champions
CUST00318,253,3,6604.99,1,2,2,5,Hibernating
CUST00319,170,1,1572.35,2,1,1,4,Hibernating
CUST00320,44,2,3223.33,4,1,1,6,Potential Loyalist
CUST00321,20,4,6027.05,4,2,2,8,Potential Loyalist
CUST00322,58,26,77391.45,3,4,4,11,Loyal Customers
CUST00324,271,13,24459.88,1,4,4,9,At Risk
CUST00325,104,7,20421.34,3,3,4,10,Loyal Customers
CUST00326,89,11,28966.7,3,4,4,11,Loyal Customers
CUST00327,552,1,1119.11,1,1,1,3,Hibernating
CUST00328,131,10,18158.51,2,4,4,10,At Risk
CUST00329,252,7,10129.42,1,3,3,7,At Risk
CUST00330,484,1,2519.21,1,1,1,3,Hibernating
CUST00331,128,4,9720.310000000001,3,2,3,8,Potential Loyalist
CUST00332,351,11,22117.59,1,4,4,9,At Risk
CUST00333,105,26,42198.64,3,4,4,11,Loyal Customers
CUST00334,91,2,3874.8,3,1,1,5,Potential Loyalist
CUST00335,11,5,5614.969999999999,4,3,2,9,Loyal Customers
CUST00336,24,18,38805.58,4,4,4,12,Champions
CUST00337,6,14,24753.96,4,4,4,12,Champions
CUST00338,51,29,61437.89,3,4,4,11,Loyal Customers
CUST00339,21,7,15967.52,4,3,3,10,Loyal Customers
CUST00340,398,1,2337.72,1,1,1,3,Hibernating
CUST00341,259,2,884.8199999999999,1,1,1,3,Hibernating
CUST00342,86,4,8189.2300000000005,3,2,2,7,Potential Loyalist
CUST00343,71,12,27532.440000000002,3,4,4,11,Loyal Customers
CUST00344,7,11,22170.21,4,4,4,12,Champions
CUST00345,410,2,3286.98,1,1,1,3,Hibernating
CUST00346,248,20,40412.119999999995,1,4,4,9,At Risk
CUST00347,231,5,6477.0599999999995,2,3,2,7,At Risk
CUST00348,104,5,7176.400000000001,3,3,2,8,Loyal Customers
CUST00349,29,4,7866.91,4,2,2,8,Potential Loyalist
CUST00350,15,4,9805.61,4,2,3,9,Potential Loyalist
CUST00351,364,1,3182.09,1,1,1,3,Hibernating
CUST00352,348,3,10045.109999999999,1,2,3,6,Needs Attention
CUST00353,160,1,2457.98,2,1,1,4,Hibernating
CUST00354,33,3,4964.280000000001,4,2,2,8,Potential Loyalist
CUST00355,274,3,11754.599999999999,1,2,3,6,Needs Attention
CUST00356,16,4,11505.96,4,2,3,9,Potential Loyalist
CUST00357,89,1,364.29,3,1,1,5,Potential Loyalist
CUST00358,157,6,10735.55,2,3,3,8,At Risk
CUST00359,66,1,987.63,3,1,1,5,Potential Loyalist
CUST00360,16,16,36974.25,4,4,4,12,Champions
CUST00361,46,44,74575.11,3,4,4,11,Loyal Customers
CUST00362,22,1,13047.39,4,1,3,8,Potential Loyalist
CUST00363,42,11,35624.479999999996,4,4,4,12,Champions
CUST00364,420,1,814.39,1,1,1,3,Hibernating
CUST00365,280,4,12005.720000000001,1,2,3,6,Needs Attention
CUST00366,103,3,6616.09,3,2,2,7,Potential Loyalist
CUST00367,238,3,3853.1,2,2,1,5,Hibernating
CUST00368,429,3,6534.72,1,2,2,5,Hibernating
CUST00369,68,3,3585.95,3,2,1,6,Potential Loyalist
CUST00371,49,9,19039.239999999998,3,4,4,11,Loyal Customers
CUST00372,243,4,6641.7,1,2,2,5,Hibernating
CUST00373,145,8,18702.42,2,3,4,9,At Risk
CUST00374,177,2,2233.12,2,1,1,4,Hibernating
CUST00375,35,49,97357.0,4,4,4,12,Champions
CUST00376,27,2,12023.18,4,1,3,8,Potential Loyalist
CUST00377,214,3,5904.34,2,2,2,6,Hibernating
CUST00378,146,6,12940.01,2,3,3,8,At Risk
CUST00379,2,4,6514.83,4,2,2,8,Potential Loyalist
CUST00380,48,41,81877.91,3,4,4,11,Loyal Customers
CUST00381,26,11,17360.68,4,4,3,11,Champions
CUST00382,47,7,12134.16,3,3,3,9,Loyal Customers
CUST00383,438,3,4862.96,1,2,2,5,Hibernating
CUST00384,229,14,30893.8,2,4,4,10,At Risk
CUST00385,114,19,39429.020000000004,3,4,4,11,Loyal Customers
CUST00386,112,7,12738.380000000001,3,3,3,9,Loyal Customers
CUST00387,20,14,29826.87,4,4,4,12,Champions
CUST00388,12,5,5054.23,4,3,2,9,Loyal Customers
CUST00390,296,2,5428.5,1,1,2,4,Hibernating
CUST00391,18,1,6211.99,4,1,2,7,Potential Loyalist
CUST00392,449,1,1755.18,1,1,1,3,Hibernating
CUST00393,228,2,2570.91,2,1,1,4,Hibernating
CUST00395,59,16,35613.77,3,4,4,11,Loyal Customers
CUST00396,107,23,48042.65,3,4,4,11,Loyal Customers
CUST00397,34,3,8047.19,4,2,2,8,Potential Loyalist
CUST00398,35,4,6562.18,4,2,2,8,Potential Loyalist
CUST00399,79,14,21374.81,3,4,4,11,Loyal Customers
CUST00400,238,1,1214.15,2,1,1,4,Hibernating
CUST00401,63,9,15182.869999999999,3,4,3,10,Loyal Customers
CUST00402,342,5,6994.19,1,3,2,6,At Risk
CUST00403,288,3,8037.639999999999,1,2,2,5,Hibernating
CUST00404,30,40,81597.73,4,4,4,12,Champions
CUST00405,62,4,14507.33,3,2,3,8,Potential Loyalist
CUST00406,44,7,13811.42,4,3,3,10,Loyal Customers
CUST00407,399,10,21482.0,1,4,4,9,At Risk
CUST00409,145,4,5809.110000000001,2,2,2,6,Hibernating
CUST00410,44,22,54661.38,4,4,4,12,Champions
CUST00411,34,2,8672.65,4,1,2,7,Potential Loyalist
CUST00412,141,14,29420.129999999997,2,4,4,10,At Risk
CUST00413,199,3,5946.5599999999995,2,2,2,6,Hibernating
CUST00414,12,6,15748.109999999999,4,3,3,10,Loyal Customers
CUST00415,193,7,14841.900000000001,2,3,3,8,At Risk
CUST00416,44,1,455.82,4,1,1,6,Potential Loyalist
CUST00417,14,17,36950.27,4,4,4,12,Champions
CUST00418,17,32,75539.82,4,4,4,12,Champions
CUST00419,11,5,12110.91,4,3,3,10,Loyal Customers
CUST00420,14,5,8132.88,4,3,2,9,Loyal Customers
CUST00421,144,8,16934.15,2,3,3,8,At Risk
CUST00422,180,6,17656.309999999998,2,3,3,8,At Risk
CUST00423,94,8,15808.45,3,3,3,9,Loyal Customers
CUST00424,164,5,9326.84,2,3,3,8,At Risk
CUST00425,318,5,16463.18,1,3,3,7,At Risk
CUST00426,186,8,14989.45,2,3,3,8,At Risk
CUST00427,10,4,4419.2699999999995,4,2,2,8,Potential Loyalist
CUST00428,549,2,1068.0,1,1,1,3,Hibernating
CUST00429,44,2,6785.54,4,1,2,7,Potential Loyalist
CUST00430,45,5,16104.32,4,3,3,10,Loyal Customers
CUST00431,65,3,7252.91,3,2,2,7,Potential Loyalist
CUST00432,2,8,29528.589999999997,4,3,4,11,Loyal Customers
CUST00433,119,5,12638.55,3,3,3,9,Loyal Customers
CUST00434,75,4,8312.19,3,2,2,7,Potential Loyalist
CUST00435,66,5,8914.98,3,3,2,8,Loyal Customers
CUST00436,211,2,3569.61,2,1,1,4,Hibernating
CUST00437,281,4,9217.67,1,2,3,6,Needs Attention
CUST00438,74,11,16948.55,3,4,3,10,Loyal Customers
CUST00439,44,14,37632.87,4,4,4,12,Champions
CUST00440,50,4,6880.81,3,2,2,7,Potential Loyalist
CUST00441,132,1,3356.02,2,1,1,4,Hibernating
CUST00444,235,5,7854.74,2,3,2,7,At Risk
CUST00445,28,4,6369.65,4,2,2,8,Potential Loyalist
CUST00446,189,7,23107.4,2,3,4,9,At Risk
CUST00447,202,5,9432.89,2,3,3,8,At Risk
CUST00448,28,3,4424.67,4,2,2,8,Potential Loyalist
CUST00449,37,6,9400.4,4,3,3,10,Loyal Customers
CUST00450,326,2,6189.02,1,1,2,4,Hibernating
CUST00451,428,2,6280.09,1,1,2,4,Hibernating
CUST00452,660,1,1703.46,1,1,1,3,Hibernating
CUST00453,344,11,20628.2,1,4,4,9,At Risk
CUST00454,210,4,7318.01,2,2,2,6,Hibernating
CUST00455,32,33,68962.29,4,4,4,12,Champions
CUST00456,80,4,7281.040000000001,3,2,2,7,Potential Loyalist
CUST00457,27,15,32448.01,4,4,4,12,Champions
CUST00458,167,5,9130.25,2,3,3,8,At Risk
CUST00459,166,8,14761.72,2,3,3,8,At Risk
CUST00460,25,4,8472.310000000001,4,2,2,8,Potential Loyalist
CUST00461,85,5,8198.48,3,3,2,8,Loyal Customers
CUST00462,175,6,11024.59,2,3,3,8,At Risk
CUST00463,75,2,657.27,3,1,1,5,Potential Loyalist
CUST00464,242,3,7775.960000000001,2,2,2,6,Hibernating
CUST00465,495,2,6529.07,1,1,2,4,Hibernating
CUST00466,178,3,3928.88,2,2,1,5,Hibernating
CUST00467,291,7,14785.34,1,3,3,7,At Risk
CUST00468,279,6,15172.3,1,3,3,7,At Risk
CUST00469,86,12,24313.96,3,4,4,11,Loyal Customers
CUST00470,44,6,6317.47,4,3,2,9,Loyal Customers
CUST00471,5,71,130935.13,4,4,4,12,Champions
CUST00472,1,1,1848.88,4,1,1,6,Potential Loyalist
CUST00473,335,1,1391.5,1,1,1,3,Hibernating
CUST00474,186,2,4544.48,2,1,2,5,Hibernating
CUST00475,525,7,9938.37,1,3,3,7,At Risk
CUST00476,122,10,15233.96,3,4,3,10,Loyal Customers
CUST00477,238,2,4957.2,2,1,2,5,Hibernating
CUST00478,87,12,28129.61,3,4,4,11,Loyal Customers
CUST00479,364,7,30190.39,1,3,4,8,At Risk
CUST00480,32,5,7764.02,4,3,2,9,Loyal Customers
CUST00481,7,6,11847.22,4,3,3,10,Loyal Customers
CUST00482,25,4,8730.23,4,2,2,8,Potential Loyalist
CUST00483,13,5,17009.34,4,3,3,10,Loyal Customers
CUST00484,62,4,8203.0,3,2,2,7,Potential Loyalist
CUST00485,147,2,5411.52,2,1,2,5,Hibernating
CUST00486,8,2,4251.06,4,1,1,6,Potential Loyalist
CUST00487,270,1,3049.64,1,1,1,3,Hibernating
CUST00488,85,5,9807.279999999999,3,3,3,9,Loyal Customers
CUST00489,162,7,12153.47,2,3,3,8,At Risk
CUST00490,102,1,4426.56,3,1,2,6,Potential Loyalist
CUST00491,104,9,18417.879999999997,3,4,4,11,Loyal Customers
CUST00492,135,1,2272.79,2,1,1,4,Hibernating
CUST00493,31,8,15948.15,4,3,3,10,Loyal Customers
CUST00494,92,6,13409.880000000001,3,3,3,9,Loyal Customers
CUST00495,346,1,1603.86,1,1,1,3,Hibernating
CUST00496,149,8,18153.760000000002,2,3,4,9,At Risk
CUST00497,638,2,8814.14,1,1,2,4,Hibernating
CUST00498,42,3,3418.81,4,2,1,7,Potential Loyalist
CUST00499,200,7,8612.57,2,3,2,7,At Risk
CUST00500,134,7,10525.31,2,3,3,8,At Risk
CUST00501,138,1,3004.51,2,1,1,4,Hibernating
CUST00502,568,2,1916.06,1,1,1,3,Hibernating
CUST00503,272,9,11305.779999999999,1,4,3,8,At Risk
CUST00504,5,3,10749.15,4,2,3,9,Potential Loyalist
CUST00505,73,5,16352.699999999999,3,3,3,9,Loyal Customers
CUST00506,219,2,1723.1100000000001,2,1,1,4,Hibernating
CUST00507,12,12,24721.34,4,4,4,12,Champions
CUST00509,398,5,6940.4800000000005,1,3,2,6,At Risk
CUST00510,178,3,3887.69,2,2,1,5,Hibernating
CUST00511,16,18,27791.55,4,4,4,12,Champions
CUST00512,91,4,9020.22,3,2,2,7,Potential Loyalist
CUST00513,30,6,11605.65,4,3,3,10,Loyal Customers
CUST00514,136,6,11406.67,2,3,3,8,At Risk
CUST00515,158,10,30253.280000000002,2,4,4,10,At Risk
CUST00517,300,3,6911.24,1,2,2,5,Hibernating
CUST00518,10,9,22410.52,4,4,4,12,Champions
CUST00519,59,4,11943.6,3,2,3,8,Potential Loyalist
CUST00520,126,3,5274.37,3,2,2,7,Potential Loyalist
CUST00521,166,13,31773.98,2,4,4,10,At Risk
CUST00522,34,4,7768.63,4,2,2,8,Potential Loyalist
CUST00523,355,3,2760.17,1,2,1,4,Hibernating
CUST00524,59,1,1068.48,3,1,1,5,Potential Loyalist
CUST00525,21,42,87689.86,4,4,4,12,Champions
CUST00526,64,1,1860.21,3,1,1,5,Potential Loyalist
CUST00527,57,1,1927.42,3,1,1,5,Potential Loyalist
CUST00528,184,2,5910.34,2,1,2,5,Hibernating
CUST00529,439,4,11187.99,1,2,3,6,Needs Attention
CUST00530,266,2,3757.13,1,1,1,3,Hibernating
CUST00531,12,2,10089.76,4,1,3,8,Potential Loyalist
CUST00532,151,3,11273.78,2,2,3,7,Needs Attention
CUST00534,282,3,6120.110000000001,1,2,2,5,Hibernating
CUST00535,43,6,18446.6,4,3,4,11,Loyal Customers
CUST00536,256,2,1465.81,1,1,1,3,Hibernating
CUST00537,78,8,11793.16,3,3,3,9,Loyal Customers
CUST00538,213,3,3509.86,2,2,1,5,Hibernating
CUST00539,241,1,836.25,2,1,1,4,Hibernating
CUST00541,81,32,74266.3,3,4,4,11,Loyal Customers
CUST00542,353,7,10647.76,1,3,3,7,At Risk
CUST00543,85,2,2157.63,3,1,1,5,Potential Loyalist
CUST00544,188,2,1828.68,2,1,1,4,Hibernating
CUST00545,243,3,1814.49,1,2,1,4,Hibernating
CUST00546,333,4,7595.01,1,2,2,5,Hibernating
CUST00547,184,4,6159.16,2,2,2,6,Hibernating
CUST00549,247,1,1673.77,1,1,1,3,Hibernating
CUST00550,10,20,40183.62,4,4,4,12,Champions
CUST00551,46,10,20549.77,3,4,4,11,Loyal Customers
CUST00552,185,1,726.78,2,1,1,4,Hibernating
CUST00553,273,1,2390.94,1,1,1,3,Hibernating
CUST00554,196,5,10685.76,2,3,3,8,At Risk
CUST00555,358,1,1742.73,1,1,1,3,Hibernating
CUST00556,549,2,2883.5,1,1,1,3,Hibernating
CUST00557,32,29,56767.78,4,4,4,12,Champions
CUST00558,220,2,1509.3999999999999,2,1,1,4,Hibernating
CUST00559,35,2,8006.2,4,1,2,7,Potential Loyalist
CUST00560,2,38,74781.94,4,4,4,12,Champions
CUST00561,24,4,7988.280000000001,4,2,2,8,Potential Loyalist
CUST00563,181,2,5176.55,2,1,2,5,Hibernating
CUST00564,3,15,30922.56,4,4,4,12,Champions
CUST00565,173,13,14985.65,2,4,3,9,At Risk
CUST00566,54,14,35877.96,3,4,4,11,Loyal Customers
CUST00567,23,2,712.13,4,1,1,6,Potential Loyalist
CUST00568,90,16,23782.13,3,4,4,11,Loyal Customers
CUST00569,217,13,22082.98,2,4,4,10,At Risk
CUST00570,159,3,3571.82,2,2,1,5,Hibernating
CUST00571,60,26,53741.56,3,4,4,11,Loyal Customers
CUST00572,22,8,12824.36,4,3,3,10,Loyal Customers
CUST00573,239,6,10470.7,2,3,3,8,At Risk
CUST00574,203,3,5819.9400000000005,2,2,2,6,Hibernating
CUST00575,215,4,6493.65,2,2,2,6,Hibernating
CUST00576,349,1,1845.45,1,1,1,3,Hibernating
CUST00578,115,2,4764.3099999999995,3,1,2,6,Potential Loyalist
CUST00579,293,11,15722.41,1,4,3,8,At Risk
CUST00580,57,82,150140.91,3,4,4,11,Loyal Customers
CUST00581,55,11,22036.11,3,4,4,11,Loyal Customers
CUST00582,12,1,907.65,4,1,1,6,Potential Loyalist
CUST00583,327,3,3942.96,1,2,1,4,Hibernating
CUST00584,87,5,4928.11,3,3,2,8,Loyal Customers
CUST00585,167,7,18757.37,2,3,4,9,At Risk
CUST00586,4,7,7892.42,4,3,2,9,Loyal Customers
CUST00587,30,25,42521.77,4,4,4,12,Champions
CUST00588,214,9,25118.1,2,4,4,10,At Risk
CUST00589,23,21,37658.840000000004,4,4,4,12,Champions
CUST00590,29,16,36441.57,4,4,4,12,Champions
CUST00591,435,5,20078.739999999998,1,3,4,8,At Risk
CUST00592,41,9,10282.23,4,4,3,11,Champions
CUST00593,157,3,6739.44,2,2,2,6,Hibernating
CUST00594,510,3,10515.24,1,2,3,6,Needs Attention
CUST00595,58,7,16001.119999999999,3,3,3,9,Loyal Customers
CUST00596,45,3,3414.77,4,2,1,7,Potential Loyalist
CUST00597,50,3,2858.9700000000003,3,2,1,6,Potential Loyalist
CUST00598,43,6,11796.36,4,3,3,10,Loyal Customers
CUST00599,213,6,8851.84,2,3,2,7,At Risk
CUST00600,233,4,3654.25,2,2,1,5,Hibernating
CUST00601,174,2,5525.05,2,1,2,5,Hibernating
CUST00602,33,4,8035.91,4,2,2,8,Potential Loyalist
CUST00603,122,5,14204.679999999998,3,3,3,9,Loyal Customers
CUST00604,363,2,2503.38,1,1,1,3,Hibernating
CUST00606,305,3,2392.88,1,2,1,4,Hibernating
CUST00607,544,1,2072.85,1,1,1,3,Hibernating
CUST00608,503,5,7465.72,1,3,2,6,At Risk
CUST00609,372,5,13294.760000000002,1,3,3,7,At Risk
CUST00610,270,5,7897.709999999999,1,3,2,6,At Risk
CUST00611,159,5,6658.84,2,3,2,7,At Risk
CUST00612,62,25,44601.28,3,4,4,11,Loyal Customers
CUST00613,65,10,11591.94,3,4,3,10,Loyal Customers
CUST00614,22,17,37627.79,4,4,4,12,Champions
CUST00615,97,12,30225.25,3,4,4,11,Loyal Customers
CUST00617,344,3,2429.3599999999997,1,2,1,4,Hibernating
CUST00618,151,3,4781.49,2,2,2,6,Hibernating
CUST00619,533,1,491.98,1,1,1,3,Hibernating
CUST00620,41,5,5450.5599999999995,4,3,2,9,Loyal Customers
CUST00621,58,3,9826.02,3,2,3,8,Potential Loyalist
CUST00622,5,3,4071.2200000000003,4,2,1,7,Potential Loyalist
CUST00623,481,4,16194.07,1,2,3,6,Needs Attention
CUST00624,9,6,11069.01,4,3,3,10,Loyal Customers
CUST00625,166,9,20795.73,2,4,4,10,At Risk
CUST00626,37,14,29938.79,4,4,4,12,Champions
CUST00627,259,4,6222.55,1,2,2,5,Hibernating
CUST00628,272,11,24505.670000000002,1,4,4,9,At Risk
CUST00629,200,5,17942.27,2,3,3,8,At Risk
CUST00630,124,22,41302.1,3,4,4,11,Loyal Customers
CUST00631,149,5,8807.67,2,3,2,7,At Risk
CUST00632,66,3,2490.6400000000003,3,2,1,6,Potential Loyalist
CUST00633,437,2,1394.3600000000001,1,1,1,3,Hibernating
CUST00634,31,4,18175.899999999998,4,2,4,10,Potential Loyalist
CUST00636,199,4,8228.449999999999,2,2,2,6,Hibernating
CUST00637,25,4,5440.59,4,2,2,8,Potential Loyalist
CUST00638,457,4,8211.24,1,2,2,5,Hibernating
CUST00639,237,7,15733.140000000001,2,3,3,8,At Risk
CUST00640,51,18,35235.06,3,4,4,11,Loyal Customers
CUST00641,27,2,3558.87,4,1,1,6,Potential Loyalist
CUST00642,58,2,3500.87,3,1,1,5,Potential Loyalist
CUST00644,121,11,16696.809999999998,3,4,3,10,Loyal Customers
CUST00645,374,3,8294.09,1,2,2,5,Hibernating
CUST00646,60,49,101606.51,3,4,4,11,Loyal Customers
CUST00647,285,12,14890.09,1,4,3,8,At Risk
CUST00648,270,6,11116.59,1,3,3,7,At Risk
CUST00649,29,2,4828.9,4,1,2,7,Potential Loyalist
CUST00650,172,10,18134.32,2,4,3,9,At Risk
CUST00651,7,5,6546.6,4,3,2,9,Loyal Customers
CUST00652,99,4,13344.59,3,2,3,8,Potential Loyalist
CUST00653,230,2,3923.59,2,1,1,4,Hibernating
CUST00654,8,6,11471.47,4,3,3,10,Loyal Customers
CUST00655,384,4,7458.05,1,2,2,5,Hibernating
CUST00656,31,16,31989.94,4,4,4,12,Champions
CUST00657,215,7,22440.920000000002,2,3,4,9,At Risk
CUST00658,102,1,1149.7,3,1,1,5,Potential Loyalist
CUST00659,95,11,20194.53,3,4,4,11,Loyal Customers
CUST00660,104,1,928.76,3,1,1,5,Potential Loyalist
CUST00661,149,4,7244.12,2,2,2,6,Hibernating
CUST00662,328,1,708.32,1,1,1,3,Hibernating
CUST00663,159,1,2074.79,2,1,1,4,Hibernating
CUST00664,54,5,11338.36,3,3,3,9,Loyal Customers
CUST00665,67,2,2080.97,3,1,1,5,Potential Loyalist
CUST00666,145,4,18908.69,2,2,4,8,Needs Attention
CUST00667,226,10,13628.36,2,4,3,9,At Risk
CUST00668,78,6,10044.3,3,3,3,9,Loyal Customers
CUST00669,358,1,825.34,1,1,1,3,Hibernating
CUST00670,260,1,1020.57,1,1,1,3,Hibernating
CUST00671,18,17,29148.08,4,4,4,12,Champions
CUST00672,230,5,10017.6,2,3,3,8,At Risk
CUST00673,377,4,7168.54,1,2,2,5,Hibernating
CUST00674,608,1,3288.66,1,1,1,3,Hibernating
CUST00675,225,3,10313.189999999999,2,2,3,7,Needs Attention
CUST00676,31,4,8373.22,4,2,2,8,Potential Loyalist
CUST00677,210,10,18224.88,2,4,4,10,At Risk
CUST00678,25,7,15667.650000000001,4,3,3,10,Loyal Customers
CUST00679,3,13,29947.96,4,4,4,12,Champions
CUST00680,54,6,11823.849999999999,3,3,3,9,Loyal Customers
CUST00681,429,1,1819.38,1,1,1,3,Hibernating
CUST00682,47,3,7731.119999999999,3,2,2,7,Potential Loyalist
CUST00683,313,2,3830.3199999999997,1,1,1,3,Hibernating
CUST00684,6,1,6575.82,4,1,2,7,Potential Loyalist
CUST00685,365,8,13442.2,1,3,3,7,At Risk
CUST00686,149,7,11754.47,2,3,3,8,At Risk
CUST00687,147,5,16926.78,2,3,3,8,At Risk
CUST00688,127,2,4448.37,3,1,2,6,Potential Loyalist
CUST00689,150,1,2106.15,2,1,1,4,Hibernating
CUST00690,236,3,2921.55,2,2,1,5,Hibernating
CUST00691,160,3,4199.8099999999995,2,2,1,5,Hibernating
CUST00692,17,5,13320.3,4,3,3,10,Loyal Customers
CUST00693,438,1,441.93,1,1,1,3,Hibernating
CUST00694,169,6,20254.1,2,3,4,9,At Risk
CUST00695,289,3,4746.719999999999,1,2,2,5,Hibernating
CUST00696,306,4,3410.67,1,2,1,4,Hibernating
CUST00697,140,4,6372.48,2,2,2,6,Hibernating
CUST00698,82,6,13314.07,3,3,3,9,Loyal Customers
CUST00699,34,13,32269.28,4,4,4,12,Champions
CUST00700,208,5,9597.17,2,3,3,8,At Risk
CUST00701,34,4,6755.33,4,2,2,8,Potential Loyalist
CUST00702,82,5,12340.96,3,3,3,9,Loyal Customers
CUST00703,380,2,4760.83,1,1,2,4,Hibernating
CUST00704,246,2,4361.0599999999995,1,1,2,4,Hibernating
CUST00705,197,8,12915.29,2,3,3,8,At Risk
CUST00706,114,7,12135.84,3,3,3,9,Loyal Customers
CUST00707,437,1,13167.99,1,1,3,5,Needs Attention
CUST00708,67,10,27259.52,3,4,4,11,Loyal Customers
CUST00709,24,4,8922.99,4,2,2,8,Potential Loyalist
CUST00710,139,3,6394.49,2,2,2,6,Hibernating
CUST00711,34,6,8555.76,4,3,2,9,Loyal Customers
CUST00712,49,7,17357.160000000003,3,3,3,9,Loyal Customers
CUST00713,233,4,5262.7699999999995,2,2,2,6,Hibernating
CUST00714,83,2,9909.43,3,1,3,7,Potential Loyalist
CUST00715,45,1,636.85,4,1,1,6,Potential Loyalist
CUST00716,208,1,693.99,2,1,1,4,Hibernating
CUST00717,97,1,2508.39,3,1,1,5,Potential Loyalist
CUST00718,12,10,17714.9,4,4,3,11,Champions
CUST00719,57,2,4829.0,3,1,2,6,Potential Loyalist
CUST00720,75,4,9023.02,3,2,3,8,Potential Loyalist
CUST00721,114,7,12712.64,3,3,3,9,Loyal Customers
CUST00722,73,3,1700.91,3,2,1,6,Potential Loyalist
CUST00723,38,6,9994.15,4,3,3,10,Loyal Customers
CUST00724,50,7,13933.63,3,3,3,9,Loyal Customers
CUST00725,334,2,2809.71,1,1,1,3,Hibernating
CUST00726,249,3,3939.58,1,2,1,4,Hibernating
CUST00727,468,3,6533.57,1,2,2,5,Hibernating
CUST00729,44,3,8813.51,4,2,2,8,Potential Loyalist
CUST00730,198,4,10837.43,2,2,3,7,Needs Attention
CUST00731,14,89,189072.61000000002,4,4,4,12,Champions
CUST00732,10,3,4491.31,4,2,2,8,Potential Loyalist
CUST00733,167,4,8079.089999999999,2,2,2,6,Hibernating
CUST00734,87,8,25400.5,3,3,4,10,Loyal Customers
CUST00735,18,2,4020.16,4,1,1,6,Potential Loyalist
CUST00736,181,16,24376.41,2,4,4,10,At Risk
CUST00737,338,4,11800.36,1,2,3,6,Needs Attention
CUST00738,281,9,16827.5,1,4,3,8,At Risk
CUST00739,199,2,981.5699999999999,2,1,1,4,Hibernating
CUST00740,79,5,10269.18,3,3,3,9,Loyal Customers
CUST00741,463,2,3141.94,1,1,1,3,Hibernating
CUST00742,141,14,37079.61,2,4,4,10,At Risk
CUST00743,56,1,710.15,3,1,1,5,Potential Loyalist
CUST00744,266,1,2617.21,1,1,1,3,Hibernating
CUST00745,128,41,52582.96,3,4,4,11,Loyal Customers
CUST00746,78,7,14120.59,3,3,3,9,Loyal Customers
CUST00747,407,1,1327.74,1,1,1,3,Hibernating
CUST00748,535,2,719.0699999999999,1,1,1,3,Hibernating
CUST00749,163,37,77557.13,2,4,4,10,At Risk
CUST00750,154,1,732.78,2,1,1,4,Hibernating
CUST00751,35,8,17024.37,4,3,3,10,Loyal Customers
CUST00752,46,9,20378.14,3,4,4,11,Loyal Customers
CUST00753,319,2,1858.73,1,1,1,3,Hibernating
CUST00754,22,10,19675.02,4,4,4,12,Champions
CUST00755,105,5,13385.56,3,3,3,9,Loyal Customers
CUST00756,70,3,5740.84,3,2,2,7,Potential Loyalist
CUST00757,199,9,16566.7,2,4,3,9,At Risk
CUST00758,54,13,31453.29,3,4,4,11,Loyal Customers
CUST00759,129,4,17654.2,3,2,3,8,Potential Loyalist
CUST00760,79,6,12724.2,3,3,3,9,Loyal Customers
CUST00761,234,3,4690.0599999999995,2,2,2,6,Hibernating
CUST00762,631,1,1729.56,1,1,1,3,Hibernating
CUST00764,130,1,1192.91,3,1,1,5,Potential Loyalist
CUST00765,10,5,8289.57,4,3,2,9,Loyal Customers
CUST00766,158,3,5527.77,2,2,2,6,Hibernating
CUST00768,376,1,4431.11,1,1,2,4,Hibernating
CUST00769,208,3,3285.8599999999997,2,2,1,5,Hibernating
CUST00770,73,9,16833.84,3,4,3,10,Loyal Customers
CUST00771,138,2,2046.77,2,1,1,4,Hibernating
CUST00772,187,27,75595.43000000001,2,4,4,10,At Risk
CUST00773,85,17,27353.15,3,4,4,11,Loyal Customers
CUST00775,279,7,8196.289999999999,1,3,2,6,At Risk
CUST00776,295,1,1134.49,1,1,1,3,Hibernating
CUST00777,362,2,4397.62,1,1,2,4,Hibernating
CUST00778,170,4,3903.81,2,2,1,5,Hibernating
CUST00779,160,6,10812.05,2,3,3,8,At Risk
CUST00780,140,2,4351.94,2,1,2,5,Hibernating
CUST00781,143,3,2568.27,2,2,1,5,Hibernating
CUST00782,26,7,11453.36,4,3,3,10,Loyal Customers
CUST00783,463,8,14576.960000000001,1,3,3,7,At Risk
CUST00784,71,3,5083.530000000001,3,2,2,7,Potential Loyalist
CUST00785,259,8,17109.06,1,3,3,7,At Risk
CUST00787,679,1,1471.65,1,1,1,3,Hibernating
CUST00788,209,8,19240.37,2,3,4,9,At Risk
CUST00789,20,5,16027.59,4,3,3,10,Loyal Customers
CUST00791,459,2,10193.95,1,1,3,5,Needs Attention
CUST00792,188,2,7431.37,2,1,2,5,Hibernating
CUST00793,27,37,53808.74,4,4,4,12,Champions
CUST00794,304,4,10938.189999999999,1,2,3,6,Needs Attention
CUST00795,5,23,61790.75,4,4,4,12,Champions
CUST00796,5,2,3250.75,4,1,1,6,Potential Loyalist
CUST00797,266,6,8215.19,1,3,2,6,At Risk
CUST00798,453,2,7417.71,1,1,2,4,Hibernating
CUST00799,18,2,5186.52,4,1,2,7,Potential Loyalist
CUST00801,21,14,29769.41,4,4,4,12,Champions
CUST00802,384,6,10270.02,1,3,3,7,At Risk
CUST00803,80,2,10082.85,3,1,3,7,Potential Loyalist
CUST00804,97,25,65207.9,3,4,4,11,Loyal Customers
CUST00805,33,7,27229.78,4,3,4,11,Loyal Customers
CUST00806,231,8,7886.2300000000005,2,3,2,7,At Risk
CUST00807,173,5,18652.31,2,3,4,9,At Risk
CUST00808,22,4,9616.06,4,2,3,9,Potential Loyalist
CUST00809,13,6,11564.87,4,3,3,10,Loyal Customers
CUST00810,27,5,5509.700000000001,4,3,2,9,Loyal Customers
CUST00811,275,1,751.7,1,1,1,3,Hibernating
CUST00812,107,8,11260.88,3,3,3,9,Loyal Customers
CUST00813,65,1,223.4,3,1,1,5,Potential Loyalist
CUST00814,321,4,13378.09,1,2,3,6,Needs Attention
CUST00815,35,20,41967.82,4,4,4,12,Champions
CUST00816,128,10,35109.24,3,4,4,11,Loyal Customers
CUST00817,657,2,4787.47,1,1,2,4,Hibernating
CUST00818,27,14,32672.63,4,4,4,12,Champions
CUST00819,482,1,2445.41,1,1,1,3,Hibernating
CUST00820,612,1,2093.09,1,1,1,3,Hibernating
CUST00821,53,5,7571.639999999999,3,3,2,8,Loyal Customers
CUST00822,409,2,7392.28,1,1,2,4,Hibernating
CUST00823,323,2,2364.18,1,1,1,3,Hibernating
CUST00824,219,4,5132.27,2,2,2,6,Hibernating
CUST00825,297,3,4603.35,1,2,2,5,Hibernating
CUST00826,109,3,3806.42,3,2,1,6,Potential Loyalist
CUST00827,308,7,19899.85,1,3,4,8,At Risk
CUST00828,73,13,34914.3,3,4,4,11,Loyal Customers
CUST00829,209,4,14584.29,2,2,3,7,Needs Attention
CUST00830,139,1,1176.22,2,1,1,4,Hibernating
CUST00831,243,4,3396.28,1,2,1,4,Hibernating
CUST00832,693,1,2777.26,1,1,1,3,Hibernating
CUST00834,159,11,26296.9,2,4,4,10,At Risk
CUST00835,32,3,5161.3,4,2,2,8,Potential Loyalist
CUST00836,282,1,766.25,1,1,1,3,Hibernating
CUST00837,5,6,17324.85,4,3,3,10,Loyal Customers
CUST00838,200,2,4607.47,2,1,2,5,Hibernating
CUST00839,34,3,4473.86,4,2,2,8,Potential Loyalist
CUST00840,550,2,3654.91,1,1,1,3,Hibernating
CUST00841,71,4,5607.719999999999,3,2,2,7,Potential Loyalist
CUST00842,243,1,3511.92,1,1,1,3,Hibernating
CUST00843,669,1,523.77,1,1,1,3,Hibernating
CUST00844,239,5,10473.14,2,3,3,8,At Risk
CUST00845,160,13,25474.7,2,4,4,10,At Risk
CUST00846,78,7,14387.3,3,3,3,9,Loyal Customers
CUST00847,175,11,23261.3,2,4,4,10,At Risk
CUST00849,168,3,9132.57,2,2,3,7,Needs Attention
CUST00850,18,2,1367.69,4,1,1,6,Potential Loyalist
CUST00851,105,4,7341.860000000001,3,2,2,7,Potential Loyalist
CUST00852,335,3,3106.44,1,2,1,4,Hibernating
CUST00853,421,6,16474.05,1,3,3,7,At Risk
CUST00854,51,6,9627.710000000001,3,3,3,9,Loyal Customers
CUST00855,33,23,53350.56,4,4,4,12,Champions
CUST00856,113,2,3387.3500000000004,3,1,1,5,Potential Loyalist
CUST00857,101,4,9781.17,3,2,3,8,Potential Loyalist
CUST00858,215,1,507.7,2,1,1,4,Hibernating
CUST00859,57,7,7961.1,3,3,2,8,Loyal Customers
CUST00860,206,4,7331.290000000001,2,2,2,6,Hibernating
CUST00861,23,6,8752.32,4,3,2,9,Loyal Customers
CUST00862,113,3,6939.41,3,2,2,7,Potential Loyalist
CUST00863,566,5,6869.18,1,3,2,6,At Risk
CUST00864,332,2,1614.2,1,1,1,3,Hibernating
CUST00865,22,11,30881.41,4,4,4,12,Champions
CUST00866,68,7,10790.27,3,3,3,9,Loyal Customers
CUST00867,409,1,2283.2,1,1,1,3,Hibernating
CUST00868,224,1,217.77,2,1,1,4,Hibernating
CUST00869,147,1,2997.96,2,1,1,4,Hibernating
CUST00870,105,4,5410.610000000001,3,2,2,7,Potential Loyalist
CUST00871,318,3,7756.25,1,2,2,5,Hibernating
CUST00872,88,7,20184.47,3,3,4,10,Loyal Customers
CUST00873,229,6,15013.64,2,3,3,8,At Risk
CUST00874,272,3,14884.81,1,2,3,6,Needs Attention
CUST00875,62,2,2231.11,3,1,1,5,Potential Loyalist
CUST00876,164,4,6755.38,2,2,2,6,Hibernating
CUST00877,230,14,34319.75,2,4,4,10,At Risk
CUST00878,322,1,2307.85,1,1,1,3,Hibernating
CUST00879,252,5,15457.77,1,3,3,7,At Risk
CUST00880,133,7,11147.43,2,3,3,8,At Risk
CUST00881,184,4,10581.94,2,2,3,7,Needs Attention
CUST00882,81,14,30780.72,3,4,4,11,Loyal Customers
CUST00883,411,2,4951.42,1,1,2,4,Hibernating
CUST00884,20,30,77339.14,4,4,4,12,Champions
CUST00885,414,2,1852.89,1,1,1,3,Hibernating
CUST00886,44,2,10362.720000000001,4,1,3,8,Potential Loyalist
CUST00887,69,5,8807.31,3,3,2,8,Loyal Customers
CUST00888,28,14,30730.33,4,4,4,12,Champions
CUST00889,72,8,15200.82,3,3,3,9,Loyal Customers
CUST00891,95,2,3086.6600000000003,3,1,1,5,Potential Loyalist
CUST00892,5,21,30160.48,4,4,4,12,Champions
CUST00893,27,2,5988.53,4,1,2,7,Potential Loyalist
CUST00894,174,12,29688.260000000002,2,4,4,10,At Risk
CUST00895,140,8,8335.69,2,3,2,7,At Risk
CUST00896,144,5,13636.59,2,3,3,8,At Risk
CUST00897,331,1,3888.86,1,1,1,3,Hibernating
CUST00900,29,18,41846.01,4,4,4,12,Champions
CUST00901,42,4,4340.07,4,2,1,7,Potential Loyalist
CUST00902,68,15,34043.39,3,4,4,11,Loyal Customers
CUST00903,128,1,3818.64,3,1,1,5,Potential Loyalist
CUST00904,29,67,128597.95,4,4,4,12,Champions
CUST00905,81,5,10056.96,3,3,3,9,Loyal Customers
CUST00906,16,3,8718.39,4,2,2,8,Potential Loyalist
CUST00907,291,3,7272.12,1,2,2,5,Hibernating
CUST00908,116,5,11182.69,3,3,3,9,Loyal Customers
CUST00909,154,6,10432.69,2,3,3,8,At Risk
CUST00910,29,12,32753.859999999997,4,4,4,12,Champions
CUST00911,8,1,606.46,4,1,1,6,Potential Loyalist
CUST00912,416,1,5008.72,1,1,2,4,Hibernating
CUST00913,87,3,7348.969999999999,3,2,2,7,Potential Loyalist
CUST00914,124,4,5953.04,3,2,2,7,Potential Loyalist
CUST00915,535,3,6424.139999999999,1,2,2,5,Hibernating
CUST00916,14,69,125716.25,4,4,4,12,Champions
CUST00917,52,29,66734.53,3,4,4,11,Loyal Customers
CUST00918,175,21,52889.63,2,4,4,10,At Risk
CUST00919,40,10,20757.2,4,4,4,12,Champions
CUST00920,212,4,14108.990000000002,2,2,3,7,Needs Attention
CUST00921,237,1,628.18,2,1,1,4,Hibernating
CUST00922,72,6,14198.42,3,3,3,9,Loyal Customers
CUST00923,28,12,22241.010000000002,4,4,4,12,Champions
CUST00924,83,1,2009.65,3,1,1,5,Potential Loyalist
CUST00925,220,4,10633.27,2,2,3,7,Needs Attention
CUST00926,107,1,1664.48,3,1,1,5,Potential Loyalist
CUST00927,113,7,16683.18,3,3,3,9,Loyal Customers
CUST00928,19,16,25650.670000000002,4,4,4,12,Champions
CUST00929,151,11,21976.18,2,4,4,10,At Risk
CUST00930,172,1,4240.19,2,1,1,4,Hibernating
CUST00931,20,32,74320.69,4,4,4,12,Champions
CUST00932,155,7,16701.59,2,3,3,8,At Risk
CUST00934,532,2,5746.0,1,1,2,4,Hibernating
CUST00935,395,2,4598.93,1,1,2,4,Hibernating
CUST00937,62,32,68750.81,3,4,4,11,Loyal Customers
CUST00938,248,5,11254.44,1,3,3,7,At Risk
CUST00939,205,19,36978.56,2,4,4,10,At Risk
CUST00940,280,3,3364.75,1,2,1,4,Hibernating
CUST00942,138,6,10124.31,2,3,3,8,At Risk
CUST00943,393,1,2542.16,1,1,1,3,Hibernating
CUST00944,57,4,8402.66,3,2,2,7,Potential Loyalist
CUST00945,32,21,38110.23,4,4,4,12,Champions
CUST00946,306,1,494.9,1,1,1,3,Hibernating
CUST00947,42,3,8434.19,4,2,2,8,Potential Loyalist
CUST00948,274,1,3246.56,1,1,1,3,Hibernating
CUST00949,77,2,2323.06,3,1,1,5,Potential Loyalist
CUST00950,500,1,7297.77,1,1,2,4,Hibernating
CUST00951,92,7,9275.84,3,3,3,9,Loyal Customers
CUST00952,130,2,1954.49,3,1,1,5,Potential Loyalist
CUST00953,9,2,3824.13,4,1,1,6,Potential Loyalist
CUST00954,2,12,30092.2,4,4,4,12,Champions
CUST00957,12,2,4233.92,4,1,1,6,Potential Loyalist
CUST00958,115,23,49186.270000000004,3,4,4,11,Loyal Customers
CUST00959,541,5,6423.76,1,3,2,6,At Risk
CUST00960,243,3,11134.46,1,2,3,6,Needs Attention
CUST00961,58,1,1299.12,3,1,1,5,Potential Loyalist
CUST00962,7,63,133175.86,4,4,4,12,Champions
CUST00963,217,9,15233.35,2,4,3,9,At Risk
CUST00964,103,6,13301.89,3,3,3,9,Loyal Customers
CUST00965,23,13,23085.33,4,4,4,12,Champions
CUST00966,312,1,3090.65,1,1,1,3,Hibernating
CUST00967,138,7,14267.679999999998,2,3,3,8,At Risk
CUST00968,112,3,3245.89,3,2,1,6,Potential Loyalist
CUST00969,91,1,751.63,3,1,1,5,Potential Loyalist
CUST00970,189,49,106084.9,2,4,4,10,At Risk
CUST00971,58,7,17985.09,3,3,3,9,Loyal Customers
CUST00972,35,7,19609.59,4,3,4,11,Loyal Customers
CUST00973,288,2,5330.37,1,1,2,4,Hibernating
CUST00974,251,1,1126.91,1,1,1,3,Hibernating
CUST00975,179,3,4812.74,2,2,2,6,Hibernating
CUST00976,201,8,14415.05,2,3,3,8,At Risk
CUST00977,110,2,1649.8600000000001,3,1,1,5,Potential Loyalist
CUST00978,33,4,15333.390000000001,4,2,3,9,Potential Loyalist
CUST00979,5,9,24775.25,4,4,4,12,Champions
CUST00980,216,1,1449.91,2,1,1,4,Hibernating
CUST00981,313,7,12474.02,1,3,3,7,At Risk
CUST00982,322,2,5070.92,1,1,2,4,Hibernating
CUST00983,24,31,63870.99,4,4,4,12,Champions
CUST00984,253,3,12713.89,1,2,3,6,Needs Attention
CUST00985,43,3,2937.27,4,2,1,7,Potential Loyalist
CUST00986,171,1,1452.0,2,1,1,4,Hibernating
CUST00987,290,4,8189.89,1,2,2,5,Hibernating
CUST00988,249,10,28570.61,1,4,4,9,At Risk
CUST00989,242,4,14584.039999999999,2,2,3,7,Needs Attention
CUST00990,208,4,13006.32,2,2,3,7,Needs Attention
CUST00991,380,3,1448.3200000000002,1,2,1,4,Hibernating
CUST00992,169,3,6005.860000000001,2,2,2,6,Hibernating
CUST00993,145,2,10382.35,2,1,3,6,Needs Attention
CUST00994,471,1,575.62,1,1,1,3,Hibernating
CUST00995,64,10,17355.45,3,4,3,10,Loyal Customers
CUST00996,112,6,9909.01,3,3,3,9,Loyal Customers
CUST00997,277,3,10842.67,1,2,3,6,Needs Attention
CUST00998,27,4,7583.71,4,2,2,8,Potential Loyalist
CUST00999,168,7,15494.71,2,3,3,8,At Risk
CUST01000,54,9,30592.75,3,4,4,11,Loyal Customers
CUST01001,15,10,30931.829999999998,4,4,4,12,Champions
CUST01002,120,4,8813.900000000001,3,2,2,7,Potential Loyalist
CUST01003,14,3,1886.44,4,2,1,7,Potential Loyalist
CUST01004,48,14,31589.56,3,4,4,11,Loyal Customers
CUST01005,157,4,5287.96,2,2,2,6,Hibernating
CUST01006,67,2,2348.06,3,1,1,5,Potential Loyalist
CUST01007,9,13,31787.71,4,4,4,12,Champions
CUST01008,223,13,20702.94,2,4,4,10,At Risk
CUST01009,12,4,6237.14,4,2,2,8,Potential Loyalist
CUST01010,346,6,17713.65,1,3,3,7,At Risk
CUST01011,269,3,7687.37,1,2,2,5,Hibernating
CUST01012,72,4,5312.02,3,2,2,7,Potential Loyalist
CUST01013,7,6,6676.3,4,3,2,9,Loyal Customers
CUST01014,337,10,20473.13,1,4,4,9,At Risk
CUST01015,198,18,47281.93,2,4,4,10,At Risk
CUST01016,319,8,19450.13,1,3,4,8,At Risk
CUST01017,6,1,2182.21,4,1,1,6,Potential Loyalist
CUST01018,43,8,28000.769999999997,4,3,4,11,Loyal Customers
CUST01019,270,11,22597.9,1,4,4,9,At Risk
CUST01020,529,1,1723.74,1,1,1,3,Hibernating
CUST01021,103,2,6234.33,3,1,2,6,Potential Loyalist
CUST01022,158,7,22133.13,2,3,4,9,At Risk
CUST01023,59,4,12446.880000000001,3,2,3,8,Potential Loyalist
CUST01024,592,1,495.92,1,1,1,3,Hibernating
CUST01025,89,2,6146.93,3,1,2,6,Potential Loyalist
CUST01026,43,4,10144.57,4,2,3,9,Potential Loyalist
CUST01027,222,5,13651.51,2,3,3,8,At Risk
CUST01028,79,6,6396.089999999999,3,3,2,8,Loyal Customers
CUST01029,249,2,1667.56,1,1,1,3,Hibernating
CUST01031,178,6,8593.43,2,3,2,7,At Risk
CUST01032,181,1,401.78,2,1,1,4,Hibernating
CUST01033,205,2,1967.6100000000001,2,1,1,4,Hibernating
CUST01034,523,1,4201.76,1,1,1,3,Hibernating
CUST01035,243,1,1516.71,1,1,1,3,Hibernating
CUST01038,5,4,6124.9,4,2,2,8,Potential Loyalist
CUST01039,14,12,31547.57,4,4,4,12,Champions
CUST01040,154,3,4918.21,2,2,2,6,Hibernating
CUST01041,55,11,22289.13,3,4,4,11,Loyal Customers
CUST01042,48,2,2905.6800000000003,3,1,1,5,Potential Loyalist
CUST01043,323,2,2253.0200000000004,1,1,1,3,Hibernating
CUST01044,471,1,464.65,1,1,1,3,Hibernating
CUST01046,270,2,999.17,1,2,1,4,Hibernating
CUST01047,11,6,9287.51,4,3,3,10,Loyal Customers
CUST01048,517,7,15593.539999999999,1,3,3,7,At Risk
CUST01049,331,1,2155.62,1,1,1,3,Hibernating
CUST01050,1,5,4826.83,4,3,2,9,Loyal Customers
CUST01051,344,5,7956.79,1,3,2,6,At Risk
CUST01052,406,2,6774.54,1,2,2,5,Hibernating
CUST01053,97,7,18725.46,3,3,4,10,Loyal Customers
CUST01054,146,7,18899.84,2,3,4,9,At Risk
CUST01055,10,50,97545.28,4,4,4,12,Champions
CUST01057,117,16,28784.48,3,4,4,11,Loyal Customers
CUST01058,320,4,9821.73,1,2,3,6,Needs Attention
CUST01059,78,4,8422.21,3,2,2,7,Potential Loyalist
CUST01060,353,2,4246.87,1,2,1,4,Hibernating
CUST01061,75,15,36098.45,3,4,4,11,Loyal Customers
CUST01062,216,3,5418.03,2,2,2,6,Hibernating
CUST01063,49,2,3594.5200000000004,3,2,1,6,Potential Loyalist
CUST01064,409,4,7546.52,1,2,2,5,Hibernating
CUST01065,19,10,16350.029999999999,4,4,3,11,Champions
CUST01066,30,15,20903.35,4,4,4,12,Champions
CUST01067,115,5,8761.48,3,3,2,8,Loyal Customers
CUST01068,257,3,2990.7799999999997,1,2,1,4,Hibernating
CUST01069,197,4,13974.04,2,2,3,7,Needs Attention
CUST01070,35,11,18762.26,4,4,4,12,Champions
CUST01071,172,4,5735.23,2,2,2,6,Hibernating
CUST01072,257,1,9714.64,1,1,3,5,Needs Attention
CUST01073,98,12,20243.71,3,4,4,11,Loyal Customers
CUST01074,69,66,134323.3,3,4,4,11,Loyal Customers
CUST01075,57,7,8009.22,3,3,2,8,Loyal Customers
CUST01076,296,7,11898.18,1,3,3,7,At Risk
CUST01077,1,22,50582.32,4,4,4,12,Champions
CUST01078,97,2,5073.13,3,2,2,7,Potential Loyalist
CUST01079,35,3,3766.94,4,2,1,7,Potential Loyalist
CUST01080,4,37,86686.56,4,4,4,12,Champions
CUST01081,218,3,7184.370000000001,2,2,2,6,Hibernating
CUST01082,172,8,18646.72,2,4,4,10,At Risk
CUST01083,158,6,13487.26,2,3,3,8,At Risk
CUST01084,143,6,17004.670000000002,2,3,3,8,At Risk
CUST01085,299,3,4915.66,1,2,2,5,Hibernating
CUST01086,27,20,24329.76,4,4,4,12,Champions
CUST01087,82,13,25448.81,3,4,4,11,Loyal Customers
CUST01089,12,12,21530.32,4,4,4,12,Champions
CUST01090,211,3,7684.82,2,2,2,6,Hibernating
CUST01091,218,1,1997.96,2,1,1,4,Hibernating
CUST01092,275,2,3460.5099999999998,1,2,1,4,Hibernating
CUST01093,316,1,8835.48,1,1,2,4,Hibernating
CUST01094,62,4,4793.780000000001,3,2,2,7,Potential Loyalist
CUST01095,24,11,20046.82,4,4,4,12,Champions
CUST01096,33,9,19971.670000000002,4,4,4,12,Champions
CUST01097,58,5,10425.0,3,3,3,9,Loyal Customers
CUST01098,221,2,4681.67,2,2,2,6,Hibernating
CUST01099,371,5,15356.81,1,3,3,7,At Risk
CUST01100,52,16,28850.22,3,4,4,11,Loyal Customers
CUST01101,39,4,4503.1,4,3,2,9,Loyal Customers
CUST01102,350,1,744.86,1,1,1,3,Hibernating
CUST01103,18,2,1823.07,4,2,1,7,Potential Loyalist
CUST01104,72,3,2591.77,3,2,1,6,Potential Loyalist
CUST01105,356,2,3343.2400000000002,1,2,1,4,Hibernating
CUST01106,582,1,1905.22,1,1,1,3,Hibernating
CUST01107,166,18,45771.88,2,4,4,10,At Risk
CUST01108,178,5,8483.6,2,3,2,7,At Risk
CUST01109,242,2,4435.53,2,2,2,6,Hibernating
CUST01110,242,4,9134.529999999999,2,3,3,8,At Risk
CUST01111,59,2,4789.17,3,2,2,7,Potential Loyalist
CUST01112,141,1,4559.08,2,1,2,5,Hibernating
CUST01113,53,5,11801.759999999998,3,3,3,9,Loyal Customers
CUST01114,159,1,2331.13,2,1,1,4,Hibernating
CUST01115,32,8,20050.85,4,4,4,12,Champions
CUST01116,47,43,84856.65,3,4,4,11,Loyal Customers
CUST01117,54,3,4383.56,3,2,2,7,Potential Loyalist
CUST01118,359,2,3674.4,1,2,1,4,Hibernating
CUST01119,107,11,23335.01,3,4,4,11,Loyal Customers
CUST01120,155,4,9218.77,2,3,3,8,At Risk
CUST01121,279,1,1156.23,1,1,1,3,Hibernating
CUST01122,100,10,15124.05,3,4,3,10,Loyal Customers
CUST01123,87,1,1336.98,3,1,1,5,Potential Loyalist
CUST01124,245,6,10052.31,1,3,3,7,At Risk
CUST01125,362,1,3057.29,1,1,1,3,Hibernating
CUST01126,40,3,3216.54,4,2,1,7,Potential Loyalist
CUST01127,241,8,11603.06,2,4,3,9,At Risk
CUST01128,134,11,24330.11,2,4,4,10,At Risk
CUST01129,149,1,1516.99,2,1,1,4,Hibernating
CUST01130,310,1,1504.74,1,1,1,3,Hibernating
CUST01131,169,9,8065.49,2,4,2,8,At Risk
CUST01132,41,6,13319.7,4,3,3,10,Loyal Customers
CUST01133,633,1,2590.65,1,1,1,3,Hibernating
CUST01134,17,10,13001.7,4,4,3,11,Champions
CUST01135,28,4,6576.469999999999,4,3,2,9,Loyal Customers
CUST01136,60,14,32557.1,3,4,4,11,Loyal Customers
CUST01137,3,5,9119.800000000001,4,3,3,10,Loyal Customers
CUST01138,241,4,14015.92,2,3,3,8,At Risk
CUST01139,419,7,8825.16,1,3,2,6,At Risk
CUST01140,13,40,81281.29,4,4,4,12,Champions
CUST01141,31,2,1909.6,4,2,1,7,Potential Loyalist
CUST01142,216,7,11704.369999999999,2,3,3,8,At Risk
CUST01143,68,3,3929.1,3,2,1,6,Potential Loyalist
CUST01144,288,1,1744.02,1,1,1,3,Hibernating
CUST01145,42,4,7748.280000000001,4,3,2,9,Loyal Customers
CUST01146,65,29,61701.89,3,4,4,11,Loyal Customers
CUST01147,3,25,37991.02,4,4,4,12,Champions
CUST01148,131,3,5165.6,2,2,2,6,Hibernating
CUST01149,131,1,492.15,2,1,1,4,Hibernating
CUST01150,217,8,12305.55,2,4,3,9,At Risk
CUST01151,112,4,5149.14,3,3,2,8,Loyal Customers
CUST01152,194,1,1424.43,2,1,1,4,Hibernating
CUST01153,162,10,18864.93,2,4,4,10,At Risk
CUST01154,190,5,13942.3,2,3,3,8,At Risk
CUST01155,88,35,63280.78,3,4,4,11,Loyal Customers
CUST01156,11,2,1527.98,4,2,1,7,Potential Loyalist
CUST01157,253,3,1704.31,1,2,1,4,Hibernating
CUST01158,193,8,10802.83,2,4,3,9,At Risk
CUST01159,41,10,30758.75,4,4,4,12,Champions
CUST01160,74,9,12598.16,3,4,3,10,Loyal Customers
CUST01161,287,5,7580.23,1,3,2,6,At Risk
CUST01162,171,3,6575.56,2,2,2,6,Hibernating
CUST01163,9,11,19241.93,4,4,4,12,Champions
CUST01164,399,3,4366.79,1,2,2,5,Hibernating
CUST01166,139,1,318.54,2,1,1,4,Hibernating
CUST01167,194,2,5578.1900000000005,2,2,2,6,Hibernating
CUST01168,413,2,3604.02,1,2,1,4,Hibernating
CUST01169,289,12,25017.670000000002,1,4,4,9,At Risk
CUST01170,100,3,3803.58,3,2,1,6,Potential Loyalist
CUST01171,233,9,11145.17,2,4,3,9,At Risk
CUST01172,508,1,1136.6,1,1,1,3,Hibernating
CUST01173,339,11,15296.27,1,4,3,8,At Risk
CUST01174,24,2,2343.92,4,2,1,7,Potential Loyalist
CUST01175,65,1,1242.35,3,1,1,5,Potential Loyalist
CUST01176,1,34,75444.67,4,4,4,12,Champions
CUST01177,150,8,23457.55,2,4,4,10,At Risk
CUST01178,35,4,8906.51,4,3,2,9,Loyal Customers
CUST01179,53,2,2028.3400000000001,3,2,1,6,Potential Loyalist
CUST01180,165,13,26622.81,2,4,4,10,At Risk
CUST01181,207,5,14762.56,2,3,3,8,At Risk
CUST01182,150,11,24642.14,2,4,4,10,At Risk
CUST01183,90,7,14658.59,3,3,3,9,Loyal Customers
CUST01185,300,1,2912.79,1,1,1,3,Hibernating
CUST01186,204,3,3182.0099999999998,2,2,1,5,Hibernating
CUST01187,373,1,3368.36,1,1,1,3,Hibernating
CUST01188,190,3,3373.94,2,2,1,5,Hibernating
CUST01189,6,25,53896.96,4,4,4,12,Champions
CUST01190,88,4,10019.43,3,3,3,9,Loyal Customers
CUST01191,64,9,20688.65,3,4,4,11,Loyal Customers
CUST01192,256,6,6303.9800000000005,1,3,2,6,At Risk
CUST01193,208,7,8830.42,2,3,2,7,At Risk
CUST01194,274,2,3666.5299999999997,1,2,1,4,Hibernating
CUST01195,29,3,4643.780000000001,4,2,2,8,Potential Loyalist
CUST01196,479,2,2781.48,1,2,1,4,Hibernating
CUST01197,52,2,3237.56,3,2,1,6,Potential Loyalist
CUST01198,58,6,22789.25,3,3,4,10,Loyal Customers
CUST01199,359,4,3976.9400000000005,1,3,1,5,At Risk
CUST01200,237,1,1223.48,2,1,1,4,Hibernating
